[
{"course_name": "DATA 500", "url_link": "https://courses.students.ubc.ca/cs/courseschedule?pname=subjarea&tname=subj-course&campuscd=UBCO&dept=DATA&course=500", "pre_req": "N/A"},
{"course_name": "DATA 505", "url_link": "https://courses.students.ubc.ca/cs/courseschedule?pname=subjarea&tname=subj-course&campuscd=UBCO&dept=DATA&course=505", "pre_req": "N/A"},
{"course_name": "DATA 530", "url_link": "https://courses.students.ubc.ca/cs/courseschedule?pname=subjarea&tname=subj-course&campuscd=UBCO&dept=DATA&course=530", "pre_req": "N/A"},
{"course_name": "DATA 531", "url_link": "https://courses.students.ubc.ca/cs/courseschedule?pname=subjarea&tname=subj-course&campuscd=UBCO&dept=DATA&course=531", "pre_req": "N/A"},
{"course_name": "DATA 532", "url_link": "https://courses.students.ubc.ca/cs/courseschedule?pname=subjarea&tname=subj-course&campuscd=UBCO&dept=DATA&course=532", "pre_req": "N/A"},
{"course_name": "DATA 533", "url_link": "https://courses.students.ubc.ca/cs/courseschedule?pname=subjarea&tname=subj-course&campuscd=UBCO&dept=DATA&course=533", "pre_req": ["DATA 532"]},
{"course_name": "DATA 534", "url_link": "https://courses.students.ubc.ca/cs/courseschedule?pname=subjarea&tname=subj-course&campuscd=UBCO&dept=DATA&course=534", "pre_req": "N/A"},
{"course_name": "DATA 540", "url_link": "https://courses.students.ubc.ca/cs/courseschedule?pname=subjarea&tname=subj-course&campuscd=UBCO&dept=DATA&course=540", "pre_req": ["DATA 531"]},
{"course_name": "DATA 541", "url_link": "https://courses.students.ubc.ca/cs/courseschedule?pname=subjarea&tname=subj-course&campuscd=UBCO&dept=DATA&course=541", "pre_req": "N/A"},
{"course_name": "DATA 542", "url_link": "https://courses.students.ubc.ca/cs/courseschedule?pname=subjarea&tname=subj-course&campuscd=UBCO&dept=DATA&course=542", "pre_req": ["DATA 532", "DATA 540", "DATA 541"]},
{"course_name": "DATA 543", "url_link": "https://courses.students.ubc.ca/cs/courseschedule?pname=subjarea&tname=subj-course&campuscd=UBCO&dept=DATA&course=543", "pre_req": ["DATA 540", "DATA 570"]},
{"course_name": "DATA 550", "url_link": "https://courses.students.ubc.ca/cs/courseschedule?pname=subjarea&tname=subj-course&campuscd=UBCO&dept=DATA&course=550", "pre_req": ["DATA 530", "DATA 531"]},
{"course_name": "DATA 551", "url_link": "https://courses.students.ubc.ca/cs/courseschedule?pname=subjarea&tname=subj-course&campuscd=UBCO&dept=DATA&course=551", "pre_req": ["DATA 534", "DATA 543", "DATA 550"]},
{"course_name": "DATA 552", "url_link": "https://courses.students.ubc.ca/cs/courseschedule?pname=subjarea&tname=subj-course&campuscd=UBCO&dept=DATA&course=552", "pre_req": "N/A"},
{"course_name": "DATA 553", "url_link": "https://courses.students.ubc.ca/cs/courseschedule?pname=subjarea&tname=subj-course&campuscd=UBCO&dept=DATA&course=553", "pre_req": "N/A"},
{"course_name": "DATA 570", "url_link": "https://courses.students.ubc.ca/cs/courseschedule?pname=subjarea&tname=subj-course&campuscd=UBCO&dept=DATA&course=570", "pre_req": ["DATA 580"]},
{"course_name": "DATA 571", "url_link": "https://courses.students.ubc.ca/cs/courseschedule?pname=subjarea&tname=subj-course&campuscd=UBCO&dept=DATA&course=571", "pre_req": ["DATA 570"]},
{"course_name": "DATA 572", "url_link": "https://courses.students.ubc.ca/cs/courseschedule?pname=subjarea&tname=subj-course&campuscd=UBCO&dept=DATA&course=572", "pre_req": ["DATA 571"]},
{"course_name": "DATA 573", "url_link": "https://courses.students.ubc.ca/cs/courseschedule?pname=subjarea&tname=subj-course&campuscd=UBCO&dept=DATA&course=573", "pre_req": ["DATA 572"]},
{"course_name": "DATA 580", "url_link": "https://courses.students.ubc.ca/cs/courseschedule?pname=subjarea&tname=subj-course&campuscd=UBCO&dept=DATA&course=580", "pre_req": "N/A"},
{"course_name": "DATA 581", "url_link": "https://courses.students.ubc.ca/cs/courseschedule?pname=subjarea&tname=subj-course&campuscd=UBCO&dept=DATA&course=581", "pre_req": ["DATA 580"]},
{"course_name": "DATA 582", "url_link": "https://courses.students.ubc.ca/cs/courseschedule?pname=subjarea&tname=subj-course&campuscd=UBCO&dept=DATA&course=582", "pre_req": ["DATA 572", "DATA 581"]},
{"course_name": "DATA 583", "url_link": "https://courses.students.ubc.ca/cs/courseschedule?pname=subjarea&tname=subj-course&campuscd=UBCO&dept=DATA&course=583", "pre_req": ["DATA 572", "DATA 581"]},
{"course_name": "DATA 585", "url_link": "https://courses.students.ubc.ca/cs/courseschedule?pname=subjarea&tname=subj-course&campuscd=UBCO&dept=DATA&course=585", "pre_req": ["DATA 580"]},
{"course_name": "DATA 586", "url_link": "https://courses.students.ubc.ca/cs/courseschedule?pname=subjarea&tname=subj-course&campuscd=UBCO&dept=DATA&course=586", "pre_req": ["DATA 580"]},
{"course_name": "DATA 589", "url_link": "https://courses.students.ubc.ca/cs/courseschedule?pname=subjarea&tname=subj-course&campuscd=UBCO&dept=DATA&course=589", "pre_req": ["DATA 543"]}
]